SELECT pgroonga.escape(TIMESTAMP '2016-11-29 01:23:45');
   escape   
------------
 1480382625
(1 row)

SELECT pgroonga.escape(TIMESTAMP '2016-11-29 01:23:45+09');
   escape   
------------
 1480382625
(1 row)

